date,station,riders
2025-04-14,Central,1712
2025-04-14,Downtown,1004
2025-04-14,Uptown,3053
2025-04-14,Midtown,2806
2025-04-14,East End,2628
2025-04-14,West Side,1943
2025-04-13,Central,1639
2025-04-13,Downtown,5267
2025-04-13,Uptown,1512
2025-04-13,Midtown,5637
2025-04-13,East End,4256
2025-04-13,West Side,1060
2025-04-12,Central,1044
2025-04-12,Downtown,1567
2025-04-12,Uptown,2591
2025-04-12,Midtown,2705
2025-04-12,East End,4939
2025-04-12,West Side,5731
2025-04-11,Central,1017
2025-04-11,Downtown,5397
2025-04-11,Uptown,2428
2025-04-11,Midtown,5264
2025-04-11,East End,4236
2025-04-11,West Side,2605
2025-04-10,Central,4479
2025-04-10,Downtown,5627
2025-04-10,Uptown,3078
2025-04-10,Midtown,853
2025-04-10,East End,2107
2025-04-10,West Side,4262
2025-04-09,Central,3587
2025-04-09,Downtown,3076
2025-04-09,Uptown,2073
2025-04-09,Midtown,2563
2025-04-09,East End,3557
2025-04-09,West Side,1637
2025-04-08,Central,1559
2025-04-08,Downtown,3912
2025-04-08,Uptown,1592
2025-04-08,Midtown,3740
2025-04-08,East End,3617
2025-04-08,West Side,5745
2025-04-07,Central,2966
2025-04-07,Downtown,1155
2025-04-07,Uptown,4563
2025-04-07,Midtown,5192
2025-04-07,East End,1822
2025-04-07,West Side,3900
2025-04-06,Central,1445
2025-04-06,Downtown,5322
2025-04-06,Uptown,3201
2025-04-06,Midtown,5949
2025-04-06,East End,5866
2025-04-06,West Side,3762
2025-04-05,Central,5529
2025-04-05,Downtown,2375
2025-04-05,Uptown,1369
2025-04-05,Midtown,1175
2025-04-05,East End,2666
2025-04-05,West Side,3170
2025-04-04,Central,1453
2025-04-04,Downtown,2707
2025-04-04,Uptown,1627
2025-04-04,Midtown,3913
2025-04-04,East End,3077
2025-04-04,West Side,4514
2025-04-03,Central,3788
2025-04-03,Downtown,2132
2025-04-03,Uptown,3832
2025-04-03,Midtown,3710
2025-04-03,East End,2516
2025-04-03,West Side,2987
2025-04-02,Central,1384
2025-04-02,Downtown,5790
2025-04-02,Uptown,2201
2025-04-02,Midtown,5175
2025-04-02,East End,2805
2025-04-02,West Side,2138
2025-04-01,Central,4586
2025-04-01,Downtown,3908
2025-04-01,Uptown,3011
2025-04-01,Midtown,5362
2025-04-01,East End,2599
2025-04-01,West Side,3456
2025-03-31,Central,1258
2025-03-31,Downtown,2676
2025-03-31,Uptown,1062
2025-03-31,Midtown,3384
2025-03-31,East End,4086
2025-03-31,West Side,2993
2025-03-30,Central,1342
2025-03-30,Downtown,2528
2025-03-30,Uptown,5446
2025-03-30,Midtown,3377
2025-03-30,East End,2541
2025-03-30,West Side,4889
2025-03-29,Central,4041
2025-03-29,Downtown,4558
2025-03-29,Uptown,1970
2025-03-29,Midtown,2969
2025-03-29,East End,1943
2025-03-29,West Side,2820
2025-03-28,Central,5398
2025-03-28,Downtown,5215
2025-03-28,Uptown,2952
2025-03-28,Midtown,5588
2025-03-28,East End,4309
2025-03-28,West Side,5580
2025-03-27,Central,4071
2025-03-27,Downtown,3765
2025-03-27,Uptown,2596
2025-03-27,Midtown,1933
2025-03-27,East End,4974
2025-03-27,West Side,4842
2025-03-26,Central,1544
2025-03-26,Downtown,1185
2025-03-26,Uptown,1698
2025-03-26,Midtown,2052
2025-03-26,East End,5940
2025-03-26,West Side,2110
2025-03-25,Central,4258
2025-03-25,Downtown,5685
2025-03-25,Uptown,1320
2025-03-25,Midtown,3952
2025-03-25,East End,3926
2025-03-25,West Side,5681
2025-03-24,Central,4634
2025-03-24,Downtown,5134
2025-03-24,Uptown,2859
2025-03-24,Midtown,5332
2025-03-24,East End,894
2025-03-24,West Side,1738
2025-03-23,Central,5198
2025-03-23,Downtown,2985
2025-03-23,Uptown,3586
2025-03-23,Midtown,1713
2025-03-23,East End,3204
2025-03-23,West Side,4361
2025-03-22,Central,2095
2025-03-22,Downtown,4516
2025-03-22,Uptown,826
2025-03-22,Midtown,2957
2025-03-22,East End,4900
2025-03-22,West Side,2263
2025-03-21,Central,4958
2025-03-21,Downtown,1671
2025-03-21,Uptown,5922
2025-03-21,Midtown,3244
2025-03-21,East End,4958
2025-03-21,West Side,5788
2025-03-20,Central,2429
2025-03-20,Downtown,2052
2025-03-20,Uptown,3863
2025-03-20,Midtown,2123
2025-03-20,East End,5218
2025-03-20,West Side,5144
2025-03-19,Central,804
2025-03-19,Downtown,5706
2025-03-19,Uptown,3455
2025-03-19,Midtown,4802
2025-03-19,East End,959
2025-03-19,West Side,1716
2025-03-18,Central,3773
2025-03-18,Downtown,3319
2025-03-18,Uptown,2761
2025-03-18,Midtown,1274
2025-03-18,East End,2773
2025-03-18,West Side,5447
2025-03-17,Central,1445
2025-03-17,Downtown,1501
2025-03-17,Uptown,4781
2025-03-17,Midtown,1366
2025-03-17,East End,5163
2025-03-17,West Side,1830
2025-03-16,Central,1851
2025-03-16,Downtown,4693
2025-03-16,Uptown,5303
2025-03-16,Midtown,2152
2025-03-16,East End,2971
2025-03-16,West Side,5122
2025-03-15,Central,5769
2025-03-15,Downtown,4266
2025-03-15,Uptown,2535
2025-03-15,Midtown,5217
2025-03-15,East End,2447
2025-03-15,West Side,3353
2025-03-14,Central,4068
2025-03-14,Downtown,3859
2025-03-14,Uptown,4388
2025-03-14,Midtown,5039
2025-03-14,East End,4498
2025-03-14,West Side,1791
2025-03-13,Central,2830
2025-03-13,Downtown,2640
2025-03-13,Uptown,1324
2025-03-13,Midtown,3569
2025-03-13,East End,972
2025-03-13,West Side,5619
2025-03-12,Central,5337
2025-03-12,Downtown,2685
2025-03-12,Uptown,5620
2025-03-12,Midtown,2604
2025-03-12,East End,858
2025-03-12,West Side,1381
2025-03-11,Central,5969
2025-03-11,Downtown,1282
2025-03-11,Uptown,2675
2025-03-11,Midtown,1352
2025-03-11,East End,1057
2025-03-11,West Side,3506
2025-03-10,Central,1380
2025-03-10,Downtown,5011
2025-03-10,Uptown,2749
2025-03-10,Midtown,3081
2025-03-10,East End,4776
2025-03-10,West Side,2555
2025-03-09,Central,5217
2025-03-09,Downtown,1883
2025-03-09,Uptown,5477
2025-03-09,Midtown,5520
2025-03-09,East End,4672
2025-03-09,West Side,2790
2025-03-08,Central,4674
2025-03-08,Downtown,4134
2025-03-08,Uptown,2359
2025-03-08,Midtown,1572
2025-03-08,East End,1594
2025-03-08,West Side,4331
2025-03-07,Central,3702
2025-03-07,Downtown,4269
2025-03-07,Uptown,4167
2025-03-07,Midtown,4625
2025-03-07,East End,1243
2025-03-07,West Side,1606
2025-03-06,Central,1296
2025-03-06,Downtown,4098
2025-03-06,Uptown,3579
2025-03-06,Midtown,1695
2025-03-06,East End,2836
2025-03-06,West Side,2369
2025-03-05,Central,2358
2025-03-05,Downtown,5193
2025-03-05,Uptown,4475
2025-03-05,Midtown,1948
2025-03-05,East End,4256
2025-03-05,West Side,2303
2025-03-04,Central,3081
2025-03-04,Downtown,4589
2025-03-04,Uptown,2846
2025-03-04,Midtown,1417
2025-03-04,East End,4430
2025-03-04,West Side,5308
2025-03-03,Central,1602
2025-03-03,Downtown,1214
2025-03-03,Uptown,5228
2025-03-03,Midtown,920
2025-03-03,East End,1564
2025-03-03,West Side,2736
2025-03-02,Central,2162
2025-03-02,Downtown,4129
2025-03-02,Uptown,4778
2025-03-02,Midtown,4743
2025-03-02,East End,2551
2025-03-02,West Side,4085
2025-03-01,Central,1280
2025-03-01,Downtown,2148
2025-03-01,Uptown,3904
2025-03-01,Midtown,817
2025-03-01,East End,3998
2025-03-01,West Side,2972
2025-02-28,Central,4527
2025-02-28,Downtown,3136
2025-02-28,Uptown,4265
2025-02-28,Midtown,5352
2025-02-28,East End,4786
2025-02-28,West Side,2068
2025-02-27,Central,2355
2025-02-27,Downtown,3230
2025-02-27,Uptown,2583
2025-02-27,Midtown,1279
2025-02-27,East End,5544
2025-02-27,West Side,5241
2025-02-26,Central,1299
2025-02-26,Downtown,3369
2025-02-26,Uptown,1268
2025-02-26,Midtown,1210
2025-02-26,East End,5585
2025-02-26,West Side,4705
2025-02-25,Central,4919
2025-02-25,Downtown,5150
2025-02-25,Uptown,2089
2025-02-25,Midtown,1265
2025-02-25,East End,4960
2025-02-25,West Side,1456
2025-02-24,Central,2322
2025-02-24,Downtown,1361
2025-02-24,Uptown,5674
2025-02-24,Midtown,1356
2025-02-24,East End,2726
2025-02-24,West Side,4107
2025-02-23,Central,1782
2025-02-23,Downtown,5466
2025-02-23,Uptown,2816
2025-02-23,Midtown,5542
2025-02-23,East End,5670
2025-02-23,West Side,1125
2025-02-22,Central,5873
2025-02-22,Downtown,1471
2025-02-22,Uptown,4234
2025-02-22,Midtown,5581
2025-02-22,East End,5430
2025-02-22,West Side,5082
2025-02-21,Central,3391
2025-02-21,Downtown,2936
2025-02-21,Uptown,2473
2025-02-21,Midtown,3373
2025-02-21,East End,2755
2025-02-21,West Side,2975
2025-02-20,Central,4042
2025-02-20,Downtown,1872
2025-02-20,Uptown,3257
2025-02-20,Midtown,4545
2025-02-20,East End,3390
2025-02-20,West Side,1394
2025-02-19,Central,876
2025-02-19,Downtown,4554
2025-02-19,Uptown,5888
2025-02-19,Midtown,5412
2025-02-19,East End,1619
2025-02-19,West Side,1400
2025-02-18,Central,5204
2025-02-18,Downtown,2546
2025-02-18,Uptown,4944
2025-02-18,Midtown,2972
2025-02-18,East End,1885
2025-02-18,West Side,3659
2025-02-17,Central,1363
2025-02-17,Downtown,2801
2025-02-17,Uptown,3827
2025-02-17,Midtown,3134
2025-02-17,East End,2092
2025-02-17,West Side,4389
2025-02-16,Central,5250
2025-02-16,Downtown,3278
2025-02-16,Uptown,5810
2025-02-16,Midtown,5133
2025-02-16,East End,864
2025-02-16,West Side,5343
2025-02-15,Central,3252
2025-02-15,Downtown,1648
2025-02-15,Uptown,1900
2025-02-15,Midtown,2966
2025-02-15,East End,1745
2025-02-15,West Side,1676
2025-02-14,Central,5332
2025-02-14,Downtown,2073
2025-02-14,Uptown,3031
2025-02-14,Midtown,3108
2025-02-14,East End,5754
2025-02-14,West Side,2525
2025-02-13,Central,3608
2025-02-13,Downtown,2467
2025-02-13,Uptown,5995
2025-02-13,Midtown,2962
2025-02-13,East End,4940
2025-02-13,West Side,4802
2025-02-12,Central,2857
2025-02-12,Downtown,1216
2025-02-12,Uptown,1556
2025-02-12,Midtown,5996
2025-02-12,East End,4269
2025-02-12,West Side,3066
2025-02-11,Central,1161
2025-02-11,Downtown,829
2025-02-11,Uptown,3532
2025-02-11,Midtown,1871
2025-02-11,East End,2945
2025-02-11,West Side,2123
2025-02-10,Central,4419
2025-02-10,Downtown,5319
2025-02-10,Uptown,4303
2025-02-10,Midtown,5394
2025-02-10,East End,879
2025-02-10,West Side,1716
2025-02-09,Central,1416
2025-02-09,Downtown,2021
2025-02-09,Uptown,5269
2025-02-09,Midtown,1095
2025-02-09,East End,3824
2025-02-09,West Side,5571
2025-02-08,Central,5326
2025-02-08,Downtown,2013
2025-02-08,Uptown,4320
2025-02-08,Midtown,1844
2025-02-08,East End,1142
2025-02-08,West Side,3325
2025-02-07,Central,3787
2025-02-07,Downtown,1126
2025-02-07,Uptown,3731
2025-02-07,Midtown,2520
2025-02-07,East End,2844
2025-02-07,West Side,1642
2025-02-06,Central,3697
2025-02-06,Downtown,5386
2025-02-06,Uptown,4129
2025-02-06,Midtown,5884
2025-02-06,East End,2066
2025-02-06,West Side,2739
2025-02-05,Central,2131
2025-02-05,Downtown,2250
2025-02-05,Uptown,4177
2025-02-05,Midtown,1003
2025-02-05,East End,2269
2025-02-05,West Side,3521
2025-02-04,Central,4172
2025-02-04,Downtown,2832
2025-02-04,Uptown,2985
2025-02-04,Midtown,2104
2025-02-04,East End,1685
2025-02-04,West Side,3933
2025-02-03,Central,1117
2025-02-03,Downtown,4655
2025-02-03,Uptown,2622
2025-02-03,Midtown,2434
2025-02-03,East End,4570
2025-02-03,West Side,3664
2025-02-02,Central,3300
2025-02-02,Downtown,2664
2025-02-02,Uptown,2626
2025-02-02,Midtown,993
2025-02-02,East End,2382
2025-02-02,West Side,4064
2025-02-01,Central,3489
2025-02-01,Downtown,3082
2025-02-01,Uptown,1368
2025-02-01,Midtown,3086
2025-02-01,East End,3676
2025-02-01,West Side,4973
2025-01-31,Central,4074
2025-01-31,Downtown,5192
2025-01-31,Uptown,3512
2025-01-31,Midtown,1026
2025-01-31,East End,1744
2025-01-31,West Side,2939
2025-01-30,Central,2262
2025-01-30,Downtown,5556
2025-01-30,Uptown,2974
2025-01-30,Midtown,1113
2025-01-30,East End,1688
2025-01-30,West Side,5687
2025-01-29,Central,4359
2025-01-29,Downtown,3631
2025-01-29,Uptown,3369
2025-01-29,Midtown,4374
2025-01-29,East End,5766
2025-01-29,West Side,4989
2025-01-28,Central,1747
2025-01-28,Downtown,3955
2025-01-28,Uptown,5523
2025-01-28,Midtown,2357
2025-01-28,East End,2886
2025-01-28,West Side,1163
2025-01-27,Central,4372
2025-01-27,Downtown,813
2025-01-27,Uptown,5059
2025-01-27,Midtown,5210
2025-01-27,East End,2414
2025-01-27,West Side,3783
2025-01-26,Central,4333
2025-01-26,Downtown,1373
2025-01-26,Uptown,3504
2025-01-26,Midtown,5904
2025-01-26,East End,3371
2025-01-26,West Side,1820
2025-01-25,Central,3260
2025-01-25,Downtown,4954
2025-01-25,Uptown,3333
2025-01-25,Midtown,4145
2025-01-25,East End,3472
2025-01-25,West Side,4096
2025-01-24,Central,3222
2025-01-24,Downtown,5341
2025-01-24,Uptown,1842
2025-01-24,Midtown,2371
2025-01-24,East End,4244
2025-01-24,West Side,3905
2025-01-23,Central,2225
2025-01-23,Downtown,5842
2025-01-23,Uptown,5462
2025-01-23,Midtown,3265
2025-01-23,East End,4126
2025-01-23,West Side,5288
2025-01-22,Central,803
2025-01-22,Downtown,3289
2025-01-22,Uptown,3150
2025-01-22,Midtown,2521
2025-01-22,East End,4321
2025-01-22,West Side,5551
2025-01-21,Central,5769
2025-01-21,Downtown,3439
2025-01-21,Uptown,4609
2025-01-21,Midtown,4419
2025-01-21,East End,4422
2025-01-21,West Side,2550
2025-01-20,Central,4987
2025-01-20,Downtown,4676
2025-01-20,Uptown,2190
2025-01-20,Midtown,1494
2025-01-20,East End,3124
2025-01-20,West Side,5022
2025-01-19,Central,5985
2025-01-19,Downtown,5872
2025-01-19,Uptown,3545
2025-01-19,Midtown,1565
2025-01-19,East End,2724
2025-01-19,West Side,3342
2025-01-18,Central,2640
2025-01-18,Downtown,2431
2025-01-18,Uptown,2007
2025-01-18,Midtown,1000
2025-01-18,East End,1178
2025-01-18,West Side,2805
2025-01-17,Central,4692
2025-01-17,Downtown,5807
2025-01-17,Uptown,1396
2025-01-17,Midtown,4530
2025-01-17,East End,4195
2025-01-17,West Side,5959
2025-01-16,Central,5515
2025-01-16,Downtown,2392
2025-01-16,Uptown,3945
2025-01-16,Midtown,4849
2025-01-16,East End,4073
2025-01-16,West Side,2798
2025-01-15,Central,2008
2025-01-15,Downtown,845
2025-01-15,Uptown,1673
2025-01-15,Midtown,4282
2025-01-15,East End,2592
2025-01-15,West Side,2240
2025-01-14,Central,5043
2025-01-14,Downtown,4605
2025-01-14,Uptown,1211
2025-01-14,Midtown,5366
2025-01-14,East End,2841
2025-01-14,West Side,1794
2025-01-13,Central,4539
2025-01-13,Downtown,1892
2025-01-13,Uptown,4606
2025-01-13,Midtown,5151
2025-01-13,East End,5378
2025-01-13,West Side,5677
2025-01-12,Central,3399
2025-01-12,Downtown,4425
2025-01-12,Uptown,5818
2025-01-12,Midtown,4935
2025-01-12,East End,4295
2025-01-12,West Side,5288
2025-01-11,Central,4452
2025-01-11,Downtown,2103
2025-01-11,Uptown,4688
2025-01-11,Midtown,4486
2025-01-11,East End,2923
2025-01-11,West Side,2825
2025-01-10,Central,3071
2025-01-10,Downtown,5070
2025-01-10,Uptown,4769
2025-01-10,Midtown,5934
2025-01-10,East End,2759
2025-01-10,West Side,3049
2025-01-09,Central,4403
2025-01-09,Downtown,1434
2025-01-09,Uptown,3140
2025-01-09,Midtown,2720
2025-01-09,East End,3025
2025-01-09,West Side,3551
2025-01-08,Central,3419
2025-01-08,Downtown,5224
2025-01-08,Uptown,1460
2025-01-08,Midtown,1933
2025-01-08,East End,2035
2025-01-08,West Side,2694
2025-01-07,Central,3937
2025-01-07,Downtown,2051
2025-01-07,Uptown,2552
2025-01-07,Midtown,1326
2025-01-07,East End,4198
2025-01-07,West Side,4139
2025-01-06,Central,3510
2025-01-06,Downtown,5245
2025-01-06,Uptown,4616
2025-01-06,Midtown,4206
2025-01-06,East End,1310
2025-01-06,West Side,2494
2025-01-05,Central,4241
2025-01-05,Downtown,3990
2025-01-05,Uptown,5584
2025-01-05,Midtown,960
2025-01-05,East End,5516
2025-01-05,West Side,3916
2025-01-04,Central,4707
2025-01-04,Downtown,848
2025-01-04,Uptown,3681
2025-01-04,Midtown,3246
2025-01-04,East End,3994
2025-01-04,West Side,4232
2025-01-03,Central,5209
2025-01-03,Downtown,5273
2025-01-03,Uptown,5741
2025-01-03,Midtown,2606
2025-01-03,East End,4799
2025-01-03,West Side,2597
2025-01-02,Central,3035
2025-01-02,Downtown,4370
2025-01-02,Uptown,4778
2025-01-02,Midtown,1037
2025-01-02,East End,3985
2025-01-02,West Side,3553
2025-01-01,Central,4112
2025-01-01,Downtown,2152
2025-01-01,Uptown,4628
2025-01-01,Midtown,1845
2025-01-01,East End,5897
2025-01-01,West Side,5175
2024-12-31,Central,1020
2024-12-31,Downtown,4027
2024-12-31,Uptown,5648
2024-12-31,Midtown,5423
2024-12-31,East End,1022
2024-12-31,West Side,1487
2024-12-30,Central,4311
2024-12-30,Downtown,1911
2024-12-30,Uptown,4582
2024-12-30,Midtown,2288
2024-12-30,East End,1211
2024-12-30,West Side,2931
2024-12-29,Central,3905
2024-12-29,Downtown,3481
2024-12-29,Uptown,2533
2024-12-29,Midtown,4524
2024-12-29,East End,3477
2024-12-29,West Side,3564
2024-12-28,Central,3905
2024-12-28,Downtown,3079
2024-12-28,Uptown,4253
2024-12-28,Midtown,2866
2024-12-28,East End,1470
2024-12-28,West Side,4652
2024-12-27,Central,958
2024-12-27,Downtown,5218
2024-12-27,Uptown,1226
2024-12-27,Midtown,3666
2024-12-27,East End,2636
2024-12-27,West Side,1362
2024-12-26,Central,1129
2024-12-26,Downtown,1054
2024-12-26,Uptown,2825
2024-12-26,Midtown,2433
2024-12-26,East End,966
2024-12-26,West Side,5889
2024-12-25,Central,2048
2024-12-25,Downtown,2754
2024-12-25,Uptown,1834
2024-12-25,Midtown,4679
2024-12-25,East End,1737
2024-12-25,West Side,5420
2024-12-24,Central,2585
2024-12-24,Downtown,4609
2024-12-24,Uptown,2899
2024-12-24,Midtown,3821
2024-12-24,East End,2174
2024-12-24,West Side,5763
2024-12-23,Central,5774
2024-12-23,Downtown,1738
2024-12-23,Uptown,2141
2024-12-23,Midtown,3348
2024-12-23,East End,1685
2024-12-23,West Side,5540
2024-12-22,Central,1010
2024-12-22,Downtown,3355
2024-12-22,Uptown,5516
2024-12-22,Midtown,3874
2024-12-22,East End,4049
2024-12-22,West Side,2424
2024-12-21,Central,1422
2024-12-21,Downtown,5650
2024-12-21,Uptown,5938
2024-12-21,Midtown,2789
2024-12-21,East End,1634
2024-12-21,West Side,3270
2024-12-20,Central,5718
2024-12-20,Downtown,1791
2024-12-20,Uptown,5436
2024-12-20,Midtown,1136
2024-12-20,East End,3644
2024-12-20,West Side,5164
2024-12-19,Central,4309
2024-12-19,Downtown,3835
2024-12-19,Uptown,1364
2024-12-19,Midtown,4944
2024-12-19,East End,3595
2024-12-19,West Side,903
2024-12-18,Central,4241
2024-12-18,Downtown,4815
2024-12-18,Uptown,1664
2024-12-18,Midtown,4351
2024-12-18,East End,3767
2024-12-18,West Side,4566
2024-12-17,Central,2053
2024-12-17,Downtown,4367
2024-12-17,Uptown,2242
2024-12-17,Midtown,5074
2024-12-17,East End,3012
2024-12-17,West Side,5845
2024-12-16,Central,5208
2024-12-16,Downtown,4760
2024-12-16,Uptown,4608
2024-12-16,Midtown,4368
2024-12-16,East End,5653
2024-12-16,West Side,2998
2024-12-15,Central,3440
2024-12-15,Downtown,2811
2024-12-15,Uptown,1509
2024-12-15,Midtown,3084
2024-12-15,East End,4492
2024-12-15,West Side,2797
2024-12-14,Central,4606
2024-12-14,Downtown,5468
2024-12-14,Uptown,5799
2024-12-14,Midtown,3904
2024-12-14,East End,3555
2024-12-14,West Side,1035
2024-12-13,Central,4849
2024-12-13,Downtown,3462
2024-12-13,Uptown,2289
2024-12-13,Midtown,4794
2024-12-13,East End,2537
2024-12-13,West Side,3706
2024-12-12,Central,2916
2024-12-12,Downtown,3588
2024-12-12,Uptown,3090
2024-12-12,Midtown,5683
2024-12-12,East End,3063
2024-12-12,West Side,5353
2024-12-11,Central,883
2024-12-11,Downtown,5032
2024-12-11,Uptown,2365
2024-12-11,Midtown,1501
2024-12-11,East End,2777
2024-12-11,West Side,4129
2024-12-10,Central,4802
2024-12-10,Downtown,5348
2024-12-10,Uptown,2768
2024-12-10,Midtown,4700
2024-12-10,East End,4820
2024-12-10,West Side,4471
2024-12-09,Central,941
2024-12-09,Downtown,1562
2024-12-09,Uptown,3210
2024-12-09,Midtown,2615
2024-12-09,East End,4112
2024-12-09,West Side,2793
2024-12-08,Central,3308
2024-12-08,Downtown,5564
2024-12-08,Uptown,3823
2024-12-08,Midtown,4676
2024-12-08,East End,5334
2024-12-08,West Side,5149
2024-12-07,Central,3616
2024-12-07,Downtown,4285
2024-12-07,Uptown,5308
2024-12-07,Midtown,3509
2024-12-07,East End,3682
2024-12-07,West Side,4517
2024-12-06,Central,3019
2024-12-06,Downtown,3311
2024-12-06,Uptown,2859
2024-12-06,Midtown,2688
2024-12-06,East End,1788
2024-12-06,West Side,2377
2024-12-05,Central,3384
2024-12-05,Downtown,1779
2024-12-05,Uptown,5189
2024-12-05,Midtown,2316
2024-12-05,East End,2369
2024-12-05,West Side,2572
2024-12-04,Central,4766
2024-12-04,Downtown,3065
2024-12-04,Uptown,5629
2024-12-04,Midtown,5097
2024-12-04,East End,5688
2024-12-04,West Side,3118
2024-12-03,Central,1623
2024-12-03,Downtown,2390
2024-12-03,Uptown,3226
2024-12-03,Midtown,2663
2024-12-03,East End,3756
2024-12-03,West Side,2269
2024-12-02,Central,3276
2024-12-02,Downtown,915
2024-12-02,Uptown,5175
2024-12-02,Midtown,1836
2024-12-02,East End,3047
2024-12-02,West Side,1172
2024-12-01,Central,1246
2024-12-01,Downtown,5333
2024-12-01,Uptown,3193
2024-12-01,Midtown,1834
2024-12-01,East End,4821
2024-12-01,West Side,1640
2024-11-30,Central,900
2024-11-30,Downtown,5502
2024-11-30,Uptown,3129
2024-11-30,Midtown,4645
2024-11-30,East End,4721
2024-11-30,West Side,4408
2024-11-29,Central,3591
2024-11-29,Downtown,2310
2024-11-29,Uptown,1220
2024-11-29,Midtown,2868
2024-11-29,East End,4713
2024-11-29,West Side,1734
2024-11-28,Central,1335
2024-11-28,Downtown,4082
2024-11-28,Uptown,4828
2024-11-28,Midtown,1406
2024-11-28,East End,5526
2024-11-28,West Side,5956
2024-11-27,Central,1239
2024-11-27,Downtown,2042
2024-11-27,Uptown,2022
2024-11-27,Midtown,5410
2024-11-27,East End,3289
2024-11-27,West Side,1497
2024-11-26,Central,2833
2024-11-26,Downtown,1770
2024-11-26,Uptown,5371
2024-11-26,Midtown,4209
2024-11-26,East End,5766
2024-11-26,West Side,5683
2024-11-25,Central,5866
2024-11-25,Downtown,2648
2024-11-25,Uptown,5080
2024-11-25,Midtown,3916
2024-11-25,East End,4490
2024-11-25,West Side,4426
2024-11-24,Central,3235
2024-11-24,Downtown,5621
2024-11-24,Uptown,4312
2024-11-24,Midtown,3301
2024-11-24,East End,5458
2024-11-24,West Side,5887
2024-11-23,Central,1293
2024-11-23,Downtown,5794
2024-11-23,Uptown,1612
2024-11-23,Midtown,2502
2024-11-23,East End,5924
2024-11-23,West Side,2528
2024-11-22,Central,2967
2024-11-22,Downtown,1465
2024-11-22,Uptown,2086
2024-11-22,Midtown,2764
2024-11-22,East End,2223
2024-11-22,West Side,5321
2024-11-21,Central,1414
2024-11-21,Downtown,2082
2024-11-21,Uptown,821
2024-11-21,Midtown,4146
2024-11-21,East End,4490
2024-11-21,West Side,5664
2024-11-20,Central,4649
2024-11-20,Downtown,3185
2024-11-20,Uptown,1067
2024-11-20,Midtown,2696
2024-11-20,East End,3160
2024-11-20,West Side,3116
2024-11-19,Central,4519
2024-11-19,Downtown,1383
2024-11-19,Uptown,2712
2024-11-19,Midtown,2967
2024-11-19,East End,5920
2024-11-19,West Side,5631
2024-11-18,Central,2420
2024-11-18,Downtown,4282
2024-11-18,Uptown,1740
2024-11-18,Midtown,5261
2024-11-18,East End,2641
2024-11-18,West Side,2020
2024-11-17,Central,2976
2024-11-17,Downtown,1965
2024-11-17,Uptown,1384
2024-11-17,Midtown,1288
2024-11-17,East End,2159
2024-11-17,West Side,3319
2024-11-16,Central,5674
2024-11-16,Downtown,5462
2024-11-16,Uptown,3164
2024-11-16,Midtown,4397
2024-11-16,East End,1818
2024-11-16,West Side,4639
2024-11-15,Central,3291
2024-11-15,Downtown,4097
2024-11-15,Uptown,3030
2024-11-15,Midtown,4899
2024-11-15,East End,5223
2024-11-15,West Side,4845
2024-11-14,Central,4386
2024-11-14,Downtown,1458
2024-11-14,Uptown,5699
2024-11-14,Midtown,1126
2024-11-14,East End,4339
2024-11-14,West Side,3440
2024-11-13,Central,5745
2024-11-13,Downtown,2851
2024-11-13,Uptown,1011
2024-11-13,Midtown,1548
2024-11-13,East End,2675
2024-11-13,West Side,5512
2024-11-12,Central,5609
2024-11-12,Downtown,969
2024-11-12,Uptown,3007
2024-11-12,Midtown,5520
2024-11-12,East End,1129
2024-11-12,West Side,2235
2024-11-11,Central,4654
2024-11-11,Downtown,5051
2024-11-11,Uptown,4422
2024-11-11,Midtown,3078
2024-11-11,East End,2286
2024-11-11,West Side,5595
2024-11-10,Central,4370
2024-11-10,Downtown,6000
2024-11-10,Uptown,4828
2024-11-10,Midtown,1547
2024-11-10,East End,4650
2024-11-10,West Side,3650
2024-11-09,Central,4145
2024-11-09,Downtown,3530
2024-11-09,Uptown,3430
2024-11-09,Midtown,1656
2024-11-09,East End,2117
2024-11-09,West Side,3501
2024-11-08,Central,4172
2024-11-08,Downtown,4858
2024-11-08,Uptown,3161
2024-11-08,Midtown,4080
2024-11-08,East End,5306
2024-11-08,West Side,1100
2024-11-07,Central,4525
2024-11-07,Downtown,1521
2024-11-07,Uptown,3376
2024-11-07,Midtown,2867
2024-11-07,East End,3448
2024-11-07,West Side,1749
2024-11-06,Central,4111
2024-11-06,Downtown,5015
2024-11-06,Uptown,809
2024-11-06,Midtown,5244
2024-11-06,East End,4584
2024-11-06,West Side,4185
2024-11-05,Central,1244
2024-11-05,Downtown,2336
2024-11-05,Uptown,5047
2024-11-05,Midtown,3763
2024-11-05,East End,5900
2024-11-05,West Side,4883
2024-11-04,Central,5923
2024-11-04,Downtown,4421
2024-11-04,Uptown,1222
2024-11-04,Midtown,2467
2024-11-04,East End,2987
2024-11-04,West Side,5299
2024-11-03,Central,1873
2024-11-03,Downtown,3159
2024-11-03,Uptown,4389
2024-11-03,Midtown,4770
2024-11-03,East End,1794
2024-11-03,West Side,1036
2024-11-02,Central,5961
2024-11-02,Downtown,5787
2024-11-02,Uptown,2760
2024-11-02,Midtown,2097
2024-11-02,East End,3345
2024-11-02,West Side,5312
2024-11-01,Central,912
2024-11-01,Downtown,5324
2024-11-01,Uptown,4142
2024-11-01,Midtown,1563
2024-11-01,East End,2640
2024-11-01,West Side,1729
2024-10-31,Central,4580
2024-10-31,Downtown,1762
2024-10-31,Uptown,2061
2024-10-31,Midtown,4882
2024-10-31,East End,3190
2024-10-31,West Side,4968
2024-10-30,Central,3039
2024-10-30,Downtown,4203
2024-10-30,Uptown,4752
2024-10-30,Midtown,4668
2024-10-30,East End,2796
2024-10-30,West Side,4541
2024-10-29,Central,5315
2024-10-29,Downtown,1984
2024-10-29,Uptown,3942
2024-10-29,Midtown,2361
2024-10-29,East End,5710
2024-10-29,West Side,4963
2024-10-28,Central,1918
2024-10-28,Downtown,1371
2024-10-28,Uptown,3063
2024-10-28,Midtown,4199
2024-10-28,East End,3584
2024-10-28,West Side,4959
2024-10-27,Central,2988
2024-10-27,Downtown,821
2024-10-27,Uptown,3117
2024-10-27,Midtown,3245
2024-10-27,East End,5608
2024-10-27,West Side,5550
2024-10-26,Central,4811
2024-10-26,Downtown,2017
2024-10-26,Uptown,4458
2024-10-26,Midtown,5212
2024-10-26,East End,4767
2024-10-26,West Side,3627
2024-10-25,Central,3523
2024-10-25,Downtown,5321
2024-10-25,Uptown,5251
2024-10-25,Midtown,3890
2024-10-25,East End,4530
2024-10-25,West Side,3436
2024-10-24,Central,2345
2024-10-24,Downtown,2756
2024-10-24,Uptown,5484
2024-10-24,Midtown,3937
2024-10-24,East End,2713
2024-10-24,West Side,4165
2024-10-23,Central,1157
2024-10-23,Downtown,3406
2024-10-23,Uptown,4674
2024-10-23,Midtown,3923
2024-10-23,East End,3962
2024-10-23,West Side,2046
2024-10-22,Central,4857
2024-10-22,Downtown,1103
2024-10-22,Uptown,1834
2024-10-22,Midtown,4914
2024-10-22,East End,5634
2024-10-22,West Side,3519
2024-10-21,Central,1622
2024-10-21,Downtown,4406
2024-10-21,Uptown,1616
2024-10-21,Midtown,5108
2024-10-21,East End,4543
2024-10-21,West Side,925
2024-10-20,Central,1980
2024-10-20,Downtown,4158
2024-10-20,Uptown,2064
2024-10-20,Midtown,1412
2024-10-20,East End,4646
2024-10-20,West Side,2971
2024-10-19,Central,3573
2024-10-19,Downtown,5905
2024-10-19,Uptown,4056
2024-10-19,Midtown,1457
2024-10-19,East End,3491
2024-10-19,West Side,5171
2024-10-18,Central,3913
2024-10-18,Downtown,3394
2024-10-18,Uptown,5934
2024-10-18,Midtown,4797
2024-10-18,East End,5232
2024-10-18,West Side,1094
2024-10-17,Central,5858
2024-10-17,Downtown,1360
2024-10-17,Uptown,2723
2024-10-17,Midtown,5970
2024-10-17,East End,3154
2024-10-17,West Side,2663
2024-10-16,Central,1540
2024-10-16,Downtown,4355
2024-10-16,Uptown,1606
2024-10-16,Midtown,5991
2024-10-16,East End,1623
2024-10-16,West Side,4434
2024-10-15,Central,2162
2024-10-15,Downtown,3253
2024-10-15,Uptown,1037
2024-10-15,Midtown,1176
2024-10-15,East End,3457
2024-10-15,West Side,1259
2024-10-14,Central,3203
2024-10-14,Downtown,3736
2024-10-14,Uptown,3870
2024-10-14,Midtown,4328
2024-10-14,East End,1992
2024-10-14,West Side,2800
2024-10-13,Central,5151
2024-10-13,Downtown,4175
2024-10-13,Uptown,5436
2024-10-13,Midtown,2275
2024-10-13,East End,2192
2024-10-13,West Side,2234
2024-10-12,Central,1446
2024-10-12,Downtown,5792
2024-10-12,Uptown,3933
2024-10-12,Midtown,5876
2024-10-12,East End,2772
2024-10-12,West Side,4876
2024-10-11,Central,5577
2024-10-11,Downtown,1972
2024-10-11,Uptown,2702
2024-10-11,Midtown,4577
2024-10-11,East End,2880
2024-10-11,West Side,4564
2024-10-10,Central,2891
2024-10-10,Downtown,876
2024-10-10,Uptown,4611
2024-10-10,Midtown,3156
2024-10-10,East End,5277
2024-10-10,West Side,2094
2024-10-09,Central,1405
2024-10-09,Downtown,4418
2024-10-09,Uptown,3630
2024-10-09,Midtown,5613
2024-10-09,East End,3250
2024-10-09,West Side,4275
2024-10-08,Central,2848
2024-10-08,Downtown,4542
2024-10-08,Uptown,3274
2024-10-08,Midtown,2431
2024-10-08,East End,3951
2024-10-08,West Side,4758
2024-10-07,Central,1673
2024-10-07,Downtown,2743
2024-10-07,Uptown,3924
2024-10-07,Midtown,5485
2024-10-07,East End,3740
2024-10-07,West Side,5508
2024-10-06,Central,3223
2024-10-06,Downtown,3218
2024-10-06,Uptown,979
2024-10-06,Midtown,4042
2024-10-06,East End,3048
2024-10-06,West Side,866
2024-10-05,Central,5436
2024-10-05,Downtown,1201
2024-10-05,Uptown,5767
2024-10-05,Midtown,4869
2024-10-05,East End,3144
2024-10-05,West Side,2685
2024-10-04,Central,5773
2024-10-04,Downtown,3686
2024-10-04,Uptown,2594
2024-10-04,Midtown,2357
2024-10-04,East End,5886
2024-10-04,West Side,2853
2024-10-03,Central,1920
2024-10-03,Downtown,5946
2024-10-03,Uptown,1595
2024-10-03,Midtown,5940
2024-10-03,East End,1122
2024-10-03,West Side,3330
2024-10-02,Central,4411
2024-10-02,Downtown,1073
2024-10-02,Uptown,5547
2024-10-02,Midtown,3788
2024-10-02,East End,1876
2024-10-02,West Side,1538
2024-10-01,Central,3217
2024-10-01,Downtown,3476
2024-10-01,Uptown,4203
2024-10-01,Midtown,2238
2024-10-01,East End,2444
2024-10-01,West Side,1882
2024-09-30,Central,5218
2024-09-30,Downtown,3797
2024-09-30,Uptown,5148
2024-09-30,Midtown,4910
2024-09-30,East End,3032
2024-09-30,West Side,2147
2024-09-29,Central,2905
2024-09-29,Downtown,4747
2024-09-29,Uptown,3217
2024-09-29,Midtown,3574
2024-09-29,East End,1743
2024-09-29,West Side,4636
2024-09-28,Central,1416
2024-09-28,Downtown,1953
2024-09-28,Uptown,2648
2024-09-28,Midtown,4055
2024-09-28,East End,5365
2024-09-28,West Side,3796
2024-09-27,Central,1539
2024-09-27,Downtown,4032
2024-09-27,Uptown,914
2024-09-27,Midtown,2966
2024-09-27,East End,5195
2024-09-27,West Side,1812
2024-09-26,Central,4525
2024-09-26,Downtown,3819
2024-09-26,Uptown,2947
2024-09-26,Midtown,5588
2024-09-26,East End,3921
2024-09-26,West Side,3843
2024-09-25,Central,1687
2024-09-25,Downtown,2715
2024-09-25,Uptown,4662
2024-09-25,Midtown,1005
2024-09-25,East End,5875
2024-09-25,West Side,5399
2024-09-24,Central,3487
2024-09-24,Downtown,5797
2024-09-24,Uptown,2613
2024-09-24,Midtown,1317
2024-09-24,East End,4603
2024-09-24,West Side,3275
2024-09-23,Central,4144
2024-09-23,Downtown,1755
2024-09-23,Uptown,1945
2024-09-23,Midtown,1171
2024-09-23,East End,1104
2024-09-23,West Side,3293
2024-09-22,Central,4835
2024-09-22,Downtown,1751
2024-09-22,Uptown,1596
2024-09-22,Midtown,2723
2024-09-22,East End,5203
2024-09-22,West Side,1911
2024-09-21,Central,3983
2024-09-21,Downtown,4516
2024-09-21,Uptown,3839
2024-09-21,Midtown,5225
2024-09-21,East End,4233
2024-09-21,West Side,5611
2024-09-20,Central,2065
2024-09-20,Downtown,4198
2024-09-20,Uptown,1611
2024-09-20,Midtown,4808
2024-09-20,East End,5843
2024-09-20,West Side,4143
2024-09-19,Central,3091
2024-09-19,Downtown,1068
2024-09-19,Uptown,3835
2024-09-19,Midtown,2579
2024-09-19,East End,4432
2024-09-19,West Side,4442
2024-09-18,Central,2734
2024-09-18,Downtown,3771
2024-09-18,Uptown,1613
2024-09-18,Midtown,3809
2024-09-18,East End,5260
2024-09-18,West Side,3738
2024-09-17,Central,1296
2024-09-17,Downtown,4061
2024-09-17,Uptown,3060
2024-09-17,Midtown,2354
2024-09-17,East End,1800
2024-09-17,West Side,4525
2024-09-16,Central,1550
2024-09-16,Downtown,2537
2024-09-16,Uptown,5691
2024-09-16,Midtown,974
2024-09-16,East End,1214
2024-09-16,West Side,3532
2024-09-15,Central,2795
2024-09-15,Downtown,1831
2024-09-15,Uptown,5425
2024-09-15,Midtown,2481
2024-09-15,East End,1362
2024-09-15,West Side,5340
2024-09-14,Central,2497
2024-09-14,Downtown,5603
2024-09-14,Uptown,2569
2024-09-14,Midtown,2708
2024-09-14,East End,3491
2024-09-14,West Side,2008
2024-09-13,Central,5682
2024-09-13,Downtown,823
2024-09-13,Uptown,3071
2024-09-13,Midtown,1985
2024-09-13,East End,1864
2024-09-13,West Side,5225
2024-09-12,Central,2853
2024-09-12,Downtown,2229
2024-09-12,Uptown,1700
2024-09-12,Midtown,1011
2024-09-12,East End,1879
2024-09-12,West Side,921
2024-09-11,Central,3734
2024-09-11,Downtown,2749
2024-09-11,Uptown,5623
2024-09-11,Midtown,3452
2024-09-11,East End,929
2024-09-11,West Side,2227
2024-09-10,Central,2973
2024-09-10,Downtown,1229
2024-09-10,Uptown,1838
2024-09-10,Midtown,4248
2024-09-10,East End,5109
2024-09-10,West Side,1731
2024-09-09,Central,1320
2024-09-09,Downtown,4701
2024-09-09,Uptown,4472
2024-09-09,Midtown,3765
2024-09-09,East End,5004
2024-09-09,West Side,5663
2024-09-08,Central,1693
2024-09-08,Downtown,4502
2024-09-08,Uptown,4927
2024-09-08,Midtown,2614
2024-09-08,East End,5838
2024-09-08,West Side,1155
2024-09-07,Central,5071
2024-09-07,Downtown,3270
2024-09-07,Uptown,4552
2024-09-07,Midtown,1055
2024-09-07,East End,1298
2024-09-07,West Side,4723
2024-09-06,Central,4090
2024-09-06,Downtown,4292
2024-09-06,Uptown,1684
2024-09-06,Midtown,4816
2024-09-06,East End,4433
2024-09-06,West Side,1402
2024-09-05,Central,1461
2024-09-05,Downtown,3438
2024-09-05,Uptown,5783
2024-09-05,Midtown,2015
2024-09-05,East End,1338
2024-09-05,West Side,1833
2024-09-04,Central,3052
2024-09-04,Downtown,5914
2024-09-04,Uptown,5986
2024-09-04,Midtown,5595
2024-09-04,East End,5292
2024-09-04,West Side,3463
2024-09-03,Central,3920
2024-09-03,Downtown,5693
2024-09-03,Uptown,5146
2024-09-03,Midtown,3215
2024-09-03,East End,4516
2024-09-03,West Side,4941
2024-09-02,Central,5759
2024-09-02,Downtown,4324
2024-09-02,Uptown,1612
2024-09-02,Midtown,1737
2024-09-02,East End,5316
2024-09-02,West Side,2561
2024-09-01,Central,4323
2024-09-01,Downtown,4499
2024-09-01,Uptown,2671
2024-09-01,Midtown,4189
2024-09-01,East End,3576
2024-09-01,West Side,4515
2024-08-31,Central,4066
2024-08-31,Downtown,4207
2024-08-31,Uptown,1578
2024-08-31,Midtown,3360
2024-08-31,East End,4296
2024-08-31,West Side,3360
2024-08-30,Central,2888
2024-08-30,Downtown,3866
2024-08-30,Uptown,2050
2024-08-30,Midtown,4685
2024-08-30,East End,1349
2024-08-30,West Side,1547
2024-08-29,Central,1499
2024-08-29,Downtown,1563
2024-08-29,Uptown,4337
2024-08-29,Midtown,1591
2024-08-29,East End,3852
2024-08-29,West Side,1865
2024-08-28,Central,5357
2024-08-28,Downtown,1291
2024-08-28,Uptown,5604
2024-08-28,Midtown,5400
2024-08-28,East End,5401
2024-08-28,West Side,3500
2024-08-27,Central,1801
2024-08-27,Downtown,4165
2024-08-27,Uptown,3696
2024-08-27,Midtown,4264
2024-08-27,East End,1221
2024-08-27,West Side,3156
2024-08-26,Central,5718
2024-08-26,Downtown,3359
2024-08-26,Uptown,3680
2024-08-26,Midtown,1648
2024-08-26,East End,5534
2024-08-26,West Side,4956
2024-08-25,Central,2542
2024-08-25,Downtown,2067
2024-08-25,Uptown,4750
2024-08-25,Midtown,2637
2024-08-25,East End,1686
2024-08-25,West Side,3668
2024-08-24,Central,5356
2024-08-24,Downtown,3811
2024-08-24,Uptown,1741
2024-08-24,Midtown,3082
2024-08-24,East End,5503
2024-08-24,West Side,2652
2024-08-23,Central,4315
2024-08-23,Downtown,5395
2024-08-23,Uptown,5893
2024-08-23,Midtown,5826
2024-08-23,East End,5360
2024-08-23,West Side,1015
2024-08-22,Central,5788
2024-08-22,Downtown,2990
2024-08-22,Uptown,1037
2024-08-22,Midtown,2277
2024-08-22,East End,3038
2024-08-22,West Side,3331
2024-08-21,Central,3583
2024-08-21,Downtown,3675
2024-08-21,Uptown,850
2024-08-21,Midtown,2286
2024-08-21,East End,1973
2024-08-21,West Side,5439
2024-08-20,Central,4083
2024-08-20,Downtown,1370
2024-08-20,Uptown,1962
2024-08-20,Midtown,5986
2024-08-20,East End,1051
2024-08-20,West Side,1551
2024-08-19,Central,5145
2024-08-19,Downtown,2562
2024-08-19,Uptown,3881
2024-08-19,Midtown,4239
2024-08-19,East End,4516
2024-08-19,West Side,3592
2024-08-18,Central,2089
2024-08-18,Downtown,3831
2024-08-18,Uptown,3352
2024-08-18,Midtown,3457
2024-08-18,East End,5449
2024-08-18,West Side,5684
2024-08-17,Central,1495
2024-08-17,Downtown,1230
2024-08-17,Uptown,2074
2024-08-17,Midtown,2089
2024-08-17,East End,5861
2024-08-17,West Side,1207
2024-08-16,Central,1468
2024-08-16,Downtown,3029
2024-08-16,Uptown,4429
2024-08-16,Midtown,4273
2024-08-16,East End,4778
2024-08-16,West Side,5773
2024-08-15,Central,4421
2024-08-15,Downtown,4192
2024-08-15,Uptown,3037
2024-08-15,Midtown,2565
2024-08-15,East End,4997
2024-08-15,West Side,1732
2024-08-14,Central,3627
2024-08-14,Downtown,4321
2024-08-14,Uptown,1708
2024-08-14,Midtown,3120
2024-08-14,East End,5658
2024-08-14,West Side,4786
2024-08-13,Central,5116
2024-08-13,Downtown,3326
2024-08-13,Uptown,1172
2024-08-13,Midtown,2606
2024-08-13,East End,4037
2024-08-13,West Side,5709
2024-08-12,Central,1248
2024-08-12,Downtown,862
2024-08-12,Uptown,2474
2024-08-12,Midtown,3269
2024-08-12,East End,2530
2024-08-12,West Side,1924
2024-08-11,Central,2893
2024-08-11,Downtown,3171
2024-08-11,Uptown,3487
2024-08-11,Midtown,1782
2024-08-11,East End,863
2024-08-11,West Side,4874
2024-08-10,Central,4327
2024-08-10,Downtown,2239
2024-08-10,Uptown,1858
2024-08-10,Midtown,3914
2024-08-10,East End,5162
2024-08-10,West Side,2685
2024-08-09,Central,4898
2024-08-09,Downtown,5377
2024-08-09,Uptown,3701
2024-08-09,Midtown,1390
2024-08-09,East End,4052
2024-08-09,West Side,1146
2024-08-08,Central,4373
2024-08-08,Downtown,953
2024-08-08,Uptown,4566
2024-08-08,Midtown,1437
2024-08-08,East End,3364
2024-08-08,West Side,5516
2024-08-07,Central,4316
2024-08-07,Downtown,5497
2024-08-07,Uptown,4113
2024-08-07,Midtown,4221
2024-08-07,East End,3171
2024-08-07,West Side,1743
2024-08-06,Central,4118
2024-08-06,Downtown,970
2024-08-06,Uptown,3460
2024-08-06,Midtown,2207
2024-08-06,East End,5863
2024-08-06,West Side,4569
2024-08-05,Central,3764
2024-08-05,Downtown,1521
2024-08-05,Uptown,4377
2024-08-05,Midtown,1667
2024-08-05,East End,2793
2024-08-05,West Side,4369
2024-08-04,Central,5624
2024-08-04,Downtown,4080
2024-08-04,Uptown,5092
2024-08-04,Midtown,1444
2024-08-04,East End,4042
2024-08-04,West Side,3341
2024-08-03,Central,3581
2024-08-03,Downtown,2615
2024-08-03,Uptown,3528
2024-08-03,Midtown,2177
2024-08-03,East End,1425
2024-08-03,West Side,4981
2024-08-02,Central,5987
2024-08-02,Downtown,1734
2024-08-02,Uptown,5146
2024-08-02,Midtown,4977
2024-08-02,East End,2388
2024-08-02,West Side,3662
2024-08-01,Central,3676
2024-08-01,Downtown,2009
2024-08-01,Uptown,2735
2024-08-01,Midtown,1642
2024-08-01,East End,1999
2024-08-01,West Side,2896
2024-07-31,Central,2416
2024-07-31,Downtown,2221
2024-07-31,Uptown,5734
2024-07-31,Midtown,2052
2024-07-31,East End,1417
2024-07-31,West Side,2251
2024-07-30,Central,5944
2024-07-30,Downtown,4847
2024-07-30,Uptown,4600
2024-07-30,Midtown,5418
2024-07-30,East End,5547
2024-07-30,West Side,4477
2024-07-29,Central,5424
2024-07-29,Downtown,5916
2024-07-29,Uptown,3447
2024-07-29,Midtown,5938
2024-07-29,East End,3389
2024-07-29,West Side,2036
2024-07-28,Central,4402
2024-07-28,Downtown,1359
2024-07-28,Uptown,4641
2024-07-28,Midtown,4422
2024-07-28,East End,5972
2024-07-28,West Side,3280
2024-07-27,Central,3050
2024-07-27,Downtown,5644
2024-07-27,Uptown,1260
2024-07-27,Midtown,3683
2024-07-27,East End,4956
2024-07-27,West Side,1407
2024-07-26,Central,3342
2024-07-26,Downtown,4582
2024-07-26,Uptown,4502
2024-07-26,Midtown,1108
2024-07-26,East End,1266
2024-07-26,West Side,3820
2024-07-25,Central,3151
2024-07-25,Downtown,1428
2024-07-25,Uptown,1539
2024-07-25,Midtown,5838
2024-07-25,East End,5666
2024-07-25,West Side,4953
2024-07-24,Central,3949
2024-07-24,Downtown,4590
2024-07-24,Uptown,5554
2024-07-24,Midtown,5340
2024-07-24,East End,1136
2024-07-24,West Side,4484
2024-07-23,Central,5483
2024-07-23,Downtown,2342
2024-07-23,Uptown,3433
2024-07-23,Midtown,5756
2024-07-23,East End,4696
2024-07-23,West Side,4907
2024-07-22,Central,2035
2024-07-22,Downtown,1306
2024-07-22,Uptown,4490
2024-07-22,Midtown,1647
2024-07-22,East End,3613
2024-07-22,West Side,1490
2024-07-21,Central,4933
2024-07-21,Downtown,2213
2024-07-21,Uptown,1120
2024-07-21,Midtown,2829
2024-07-21,East End,4386
2024-07-21,West Side,4399
2024-07-20,Central,5093
2024-07-20,Downtown,5082
2024-07-20,Uptown,5795
2024-07-20,Midtown,2100
2024-07-20,East End,3781
2024-07-20,West Side,3854
2024-07-19,Central,3117
2024-07-19,Downtown,3973
2024-07-19,Uptown,4148
2024-07-19,Midtown,3571
2024-07-19,East End,5697
2024-07-19,West Side,1228
2024-07-18,Central,5968
2024-07-18,Downtown,3541
2024-07-18,Uptown,1339
2024-07-18,Midtown,3500
2024-07-18,East End,1574
2024-07-18,West Side,5370
2024-07-17,Central,3966
2024-07-17,Downtown,3127
2024-07-17,Uptown,2864
2024-07-17,Midtown,5737
2024-07-17,East End,2031
2024-07-17,West Side,3530
2024-07-16,Central,1467
2024-07-16,Downtown,5573
2024-07-16,Uptown,1958
2024-07-16,Midtown,3665
2024-07-16,East End,3341
2024-07-16,West Side,4010
2024-07-15,Central,1856
2024-07-15,Downtown,5674
2024-07-15,Uptown,1494
2024-07-15,Midtown,3336
2024-07-15,East End,5378
2024-07-15,West Side,3885
2024-07-14,Central,3490
2024-07-14,Downtown,1846
2024-07-14,Uptown,5112
2024-07-14,Midtown,1565
2024-07-14,East End,4268
2024-07-14,West Side,4965
2024-07-13,Central,3764
2024-07-13,Downtown,949
2024-07-13,Uptown,3770
2024-07-13,Midtown,3330
2024-07-13,East End,2276
2024-07-13,West Side,2554
2024-07-12,Central,3599
2024-07-12,Downtown,4783
2024-07-12,Uptown,2372
2024-07-12,Midtown,2655
2024-07-12,East End,1926
2024-07-12,West Side,2069
2024-07-11,Central,1432
2024-07-11,Downtown,3223
2024-07-11,Uptown,1628
2024-07-11,Midtown,4958
2024-07-11,East End,5221
2024-07-11,West Side,5113
2024-07-10,Central,1109
2024-07-10,Downtown,3558
2024-07-10,Uptown,5862
2024-07-10,Midtown,1873
2024-07-10,East End,5692
2024-07-10,West Side,3886
2024-07-09,Central,2063
2024-07-09,Downtown,2129
2024-07-09,Uptown,2281
2024-07-09,Midtown,5917
2024-07-09,East End,2156
2024-07-09,West Side,4385
2024-07-08,Central,1157
2024-07-08,Downtown,4165
2024-07-08,Uptown,3784
2024-07-08,Midtown,2745
2024-07-08,East End,4438
2024-07-08,West Side,5801
2024-07-07,Central,3134
2024-07-07,Downtown,4477
2024-07-07,Uptown,2716
2024-07-07,Midtown,5174
2024-07-07,East End,2759
2024-07-07,West Side,3335
2024-07-06,Central,4642
2024-07-06,Downtown,2389
2024-07-06,Uptown,3813
2024-07-06,Midtown,5472
2024-07-06,East End,4409
2024-07-06,West Side,4582
2024-07-05,Central,3108
2024-07-05,Downtown,3928
2024-07-05,Uptown,4919
2024-07-05,Midtown,5120
2024-07-05,East End,4229
2024-07-05,West Side,2127
2024-07-04,Central,2435
2024-07-04,Downtown,5753
2024-07-04,Uptown,1933
2024-07-04,Midtown,2848
2024-07-04,East End,1227
2024-07-04,West Side,4736
2024-07-03,Central,3840
2024-07-03,Downtown,5342
2024-07-03,Uptown,1640
2024-07-03,Midtown,5026
2024-07-03,East End,1821
2024-07-03,West Side,3135
2024-07-02,Central,1487
2024-07-02,Downtown,2113
2024-07-02,Uptown,3034
2024-07-02,Midtown,4480
2024-07-02,East End,5005
2024-07-02,West Side,2007
2024-07-01,Central,4383
2024-07-01,Downtown,1551
2024-07-01,Uptown,2618
2024-07-01,Midtown,4495
2024-07-01,East End,3663
2024-07-01,West Side,1018
2024-06-30,Central,4198
2024-06-30,Downtown,1236
2024-06-30,Uptown,4047
2024-06-30,Midtown,4912
2024-06-30,East End,3863
2024-06-30,West Side,2731
2024-06-29,Central,3963
2024-06-29,Downtown,1468
2024-06-29,Uptown,3871
2024-06-29,Midtown,2639
2024-06-29,East End,1030
2024-06-29,West Side,3410
2024-06-28,Central,1611
2024-06-28,Downtown,3546
2024-06-28,Uptown,1996
2024-06-28,Midtown,1927
2024-06-28,East End,1113
2024-06-28,West Side,3150
2024-06-27,Central,4670
2024-06-27,Downtown,1936
2024-06-27,Uptown,4642
2024-06-27,Midtown,4474
2024-06-27,East End,5840
2024-06-27,West Side,843
2024-06-26,Central,1449
2024-06-26,Downtown,955
2024-06-26,Uptown,2896
2024-06-26,Midtown,2566
2024-06-26,East End,2024
2024-06-26,West Side,5295
2024-06-25,Central,5787
2024-06-25,Downtown,5123
2024-06-25,Uptown,4267
2024-06-25,Midtown,1710
2024-06-25,East End,3160
2024-06-25,West Side,2746
2024-06-24,Central,3267
2024-06-24,Downtown,1798
2024-06-24,Uptown,1191
2024-06-24,Midtown,2753
2024-06-24,East End,4239
2024-06-24,West Side,5902
2024-06-23,Central,4544
2024-06-23,Downtown,1314
2024-06-23,Uptown,1708
2024-06-23,Midtown,4894
2024-06-23,East End,5688
2024-06-23,West Side,5191
2024-06-22,Central,934
2024-06-22,Downtown,5976
2024-06-22,Uptown,5021
2024-06-22,Midtown,5510
2024-06-22,East End,2781
2024-06-22,West Side,1976
2024-06-21,Central,3186
2024-06-21,Downtown,4316
2024-06-21,Uptown,812
2024-06-21,Midtown,5836
2024-06-21,East End,3690
2024-06-21,West Side,2770
2024-06-20,Central,5474
2024-06-20,Downtown,4212
2024-06-20,Uptown,2334
2024-06-20,Midtown,1501
2024-06-20,East End,5088
2024-06-20,West Side,3754
2024-06-19,Central,1354
2024-06-19,Downtown,5109
2024-06-19,Uptown,5257
2024-06-19,Midtown,4956
2024-06-19,East End,4958
2024-06-19,West Side,5339
2024-06-18,Central,966
2024-06-18,Downtown,3998
2024-06-18,Uptown,4651
2024-06-18,Midtown,1156
2024-06-18,East End,3969
2024-06-18,West Side,3858
2024-06-17,Central,2877
2024-06-17,Downtown,933
2024-06-17,Uptown,3725
2024-06-17,Midtown,1353
2024-06-17,East End,3624
2024-06-17,West Side,2775
2024-06-16,Central,5946
2024-06-16,Downtown,1649
2024-06-16,Uptown,5566
2024-06-16,Midtown,3523
2024-06-16,East End,1892
2024-06-16,West Side,1163
2024-06-15,Central,3686
2024-06-15,Downtown,5272
2024-06-15,Uptown,3573
2024-06-15,Midtown,2234
2024-06-15,East End,4606
2024-06-15,West Side,4720
2024-06-14,Central,5975
2024-06-14,Downtown,2293
2024-06-14,Uptown,1904
2024-06-14,Midtown,1316
2024-06-14,East End,4549
2024-06-14,West Side,1102
2024-06-13,Central,3203
2024-06-13,Downtown,2451
2024-06-13,Uptown,1158
2024-06-13,Midtown,2434
2024-06-13,East End,1143
2024-06-13,West Side,3385
2024-06-12,Central,3340
2024-06-12,Downtown,5022
2024-06-12,Uptown,4062
2024-06-12,Midtown,5248
2024-06-12,East End,4678
2024-06-12,West Side,2875
2024-06-11,Central,1099
2024-06-11,Downtown,2365
2024-06-11,Uptown,3143
2024-06-11,Midtown,3724
2024-06-11,East End,1191
2024-06-11,West Side,3519
2024-06-10,Central,3038
2024-06-10,Downtown,1819
2024-06-10,Uptown,3814
2024-06-10,Midtown,4379
2024-06-10,East End,4076
2024-06-10,West Side,4402
2024-06-09,Central,3967
2024-06-09,Downtown,3577
2024-06-09,Uptown,2330
2024-06-09,Midtown,4864
2024-06-09,East End,4875
2024-06-09,West Side,3809
2024-06-08,Central,5053
2024-06-08,Downtown,2984
2024-06-08,Uptown,1476
2024-06-08,Midtown,4277
2024-06-08,East End,1446
2024-06-08,West Side,4327
2024-06-07,Central,5735
2024-06-07,Downtown,2278
2024-06-07,Uptown,5268
2024-06-07,Midtown,3206
2024-06-07,East End,3431
2024-06-07,West Side,1640
2024-06-06,Central,1455
2024-06-06,Downtown,3486
2024-06-06,Uptown,3221
2024-06-06,Midtown,3310
2024-06-06,East End,4452
2024-06-06,West Side,5736
2024-06-05,Central,4290
2024-06-05,Downtown,2165
2024-06-05,Uptown,4436
2024-06-05,Midtown,3679
2024-06-05,East End,4462
2024-06-05,West Side,1146
2024-06-04,Central,3688
2024-06-04,Downtown,5836
2024-06-04,Uptown,4363
2024-06-04,Midtown,3049
2024-06-04,East End,1269
2024-06-04,West Side,1414
2024-06-03,Central,4127
2024-06-03,Downtown,3776
2024-06-03,Uptown,5003
2024-06-03,Midtown,2110
2024-06-03,East End,1055
2024-06-03,West Side,1969
2024-06-02,Central,5777
2024-06-02,Downtown,4389
2024-06-02,Uptown,1085
2024-06-02,Midtown,1834
2024-06-02,East End,1350
2024-06-02,West Side,2733
2024-06-01,Central,3800
2024-06-01,Downtown,3766
2024-06-01,Uptown,3936
2024-06-01,Midtown,5446
2024-06-01,East End,1065
2024-06-01,West Side,5756
2024-05-31,Central,2056
2024-05-31,Downtown,4485
2024-05-31,Uptown,3838
2024-05-31,Midtown,3847
2024-05-31,East End,4436
2024-05-31,West Side,1429
2024-05-30,Central,5501
2024-05-30,Downtown,1927
2024-05-30,Uptown,5137
2024-05-30,Midtown,3806
2024-05-30,East End,4060
2024-05-30,West Side,3375
2024-05-29,Central,3083
2024-05-29,Downtown,2844
2024-05-29,Uptown,1729
2024-05-29,Midtown,1012
2024-05-29,East End,2324
2024-05-29,West Side,4888
2024-05-28,Central,5041
2024-05-28,Downtown,3970
2024-05-28,Uptown,5401
2024-05-28,Midtown,1764
2024-05-28,East End,2944
2024-05-28,West Side,2932
2024-05-27,Central,4455
2024-05-27,Downtown,2557
2024-05-27,Uptown,5812
2024-05-27,Midtown,3139
2024-05-27,East End,4823
2024-05-27,West Side,2439
2024-05-26,Central,1804
2024-05-26,Downtown,1911
2024-05-26,Uptown,1406
2024-05-26,Midtown,4503
2024-05-26,East End,2214
2024-05-26,West Side,4446
2024-05-25,Central,1519
2024-05-25,Downtown,3418
2024-05-25,Uptown,3646
2024-05-25,Midtown,1331
2024-05-25,East End,5305
2024-05-25,West Side,5241
2024-05-24,Central,3178
2024-05-24,Downtown,3257
2024-05-24,Uptown,2090
2024-05-24,Midtown,2226
2024-05-24,East End,3761
2024-05-24,West Side,4967
2024-05-23,Central,2636
2024-05-23,Downtown,1794
2024-05-23,Uptown,2446
2024-05-23,Midtown,1937
2024-05-23,East End,2739
2024-05-23,West Side,4847
2024-05-22,Central,1015
2024-05-22,Downtown,3756
2024-05-22,Uptown,5338
2024-05-22,Midtown,5488
2024-05-22,East End,3822
2024-05-22,West Side,4628
2024-05-21,Central,5319
2024-05-21,Downtown,1863
2024-05-21,Uptown,5813
2024-05-21,Midtown,1506
2024-05-21,East End,1338
2024-05-21,West Side,3333
2024-05-20,Central,4061
2024-05-20,Downtown,4721
2024-05-20,Uptown,5106
2024-05-20,Midtown,4165
2024-05-20,East End,4154
2024-05-20,West Side,5509
2024-05-19,Central,1404
2024-05-19,Downtown,1826
2024-05-19,Uptown,3397
2024-05-19,Midtown,1407
2024-05-19,East End,4486
2024-05-19,West Side,4616
2024-05-18,Central,5038
2024-05-18,Downtown,3622
2024-05-18,Uptown,1851
2024-05-18,Midtown,5316
2024-05-18,East End,5615
2024-05-18,West Side,2290
2024-05-17,Central,1857
2024-05-17,Downtown,4344
2024-05-17,Uptown,4919
2024-05-17,Midtown,1253
2024-05-17,East End,1817
2024-05-17,West Side,5044
2024-05-16,Central,2053
2024-05-16,Downtown,3291
2024-05-16,Uptown,2148
2024-05-16,Midtown,2126
2024-05-16,East End,3443
2024-05-16,West Side,2647
2024-05-15,Central,3634
2024-05-15,Downtown,5050
2024-05-15,Uptown,3126
2024-05-15,Midtown,1446
2024-05-15,East End,2852
2024-05-15,West Side,2408
2024-05-14,Central,5312
2024-05-14,Downtown,3048
2024-05-14,Uptown,1825
2024-05-14,Midtown,5920
2024-05-14,East End,3280
2024-05-14,West Side,5833
2024-05-13,Central,5170
2024-05-13,Downtown,1565
2024-05-13,Uptown,4917
2024-05-13,Midtown,2181
2024-05-13,East End,5648
2024-05-13,West Side,5556
2024-05-12,Central,2063
2024-05-12,Downtown,2202
2024-05-12,Uptown,5915
2024-05-12,Midtown,5757
2024-05-12,East End,3565
2024-05-12,West Side,5417
2024-05-11,Central,1137
2024-05-11,Downtown,1032
2024-05-11,Uptown,1465
2024-05-11,Midtown,1172
2024-05-11,East End,5524
2024-05-11,West Side,2968
2024-05-10,Central,2526
2024-05-10,Downtown,5486
2024-05-10,Uptown,4212
2024-05-10,Midtown,5863
2024-05-10,East End,1048
2024-05-10,West Side,4879
2024-05-09,Central,5937
2024-05-09,Downtown,5269
2024-05-09,Uptown,3172
2024-05-09,Midtown,3274
2024-05-09,East End,4756
2024-05-09,West Side,2806
2024-05-08,Central,4126
2024-05-08,Downtown,3236
2024-05-08,Uptown,4515
2024-05-08,Midtown,1397
2024-05-08,East End,1290
2024-05-08,West Side,2094
2024-05-07,Central,4401
2024-05-07,Downtown,4204
2024-05-07,Uptown,4766
2024-05-07,Midtown,4604
2024-05-07,East End,2471
2024-05-07,West Side,3586
2024-05-06,Central,5769
2024-05-06,Downtown,1976
2024-05-06,Uptown,3360
2024-05-06,Midtown,3415
2024-05-06,East End,3629
2024-05-06,West Side,4066
2024-05-05,Central,1871
2024-05-05,Downtown,3835
2024-05-05,Uptown,5018
2024-05-05,Midtown,5401
2024-05-05,East End,1669
2024-05-05,West Side,3414
2024-05-04,Central,2780
2024-05-04,Downtown,4621
2024-05-04,Uptown,1803
2024-05-04,Midtown,2991
2024-05-04,East End,4483
2024-05-04,West Side,2830
2024-05-03,Central,1954
2024-05-03,Downtown,1593
2024-05-03,Uptown,1214
2024-05-03,Midtown,3177
2024-05-03,East End,3946
2024-05-03,West Side,5841
2024-05-02,Central,4225
2024-05-02,Downtown,2833
2024-05-02,Uptown,2108
2024-05-02,Midtown,3482
2024-05-02,East End,5532
2024-05-02,West Side,3361
2024-05-01,Central,2355
2024-05-01,Downtown,2105
2024-05-01,Uptown,4881
2024-05-01,Midtown,5016
2024-05-01,East End,4624
2024-05-01,West Side,4885
2024-04-30,Central,3327
2024-04-30,Downtown,4874
2024-04-30,Uptown,989
2024-04-30,Midtown,1537
2024-04-30,East End,4021
2024-04-30,West Side,4940
2024-04-29,Central,4545
2024-04-29,Downtown,2772
2024-04-29,Uptown,2562
2024-04-29,Midtown,5578
2024-04-29,East End,3690
2024-04-29,West Side,1198
2024-04-28,Central,1214
2024-04-28,Downtown,3104
2024-04-28,Uptown,4854
2024-04-28,Midtown,5694
2024-04-28,East End,4655
2024-04-28,West Side,3140
2024-04-27,Central,5196
2024-04-27,Downtown,866
2024-04-27,Uptown,1680
2024-04-27,Midtown,4330
2024-04-27,East End,1897
2024-04-27,West Side,2966
2024-04-26,Central,3796
2024-04-26,Downtown,4103
2024-04-26,Uptown,3797
2024-04-26,Midtown,1170
2024-04-26,East End,4081
2024-04-26,West Side,1219
2024-04-25,Central,5471
2024-04-25,Downtown,5402
2024-04-25,Uptown,2394
2024-04-25,Midtown,3769
2024-04-25,East End,5332
2024-04-25,West Side,3164
2024-04-24,Central,1402
2024-04-24,Downtown,3964
2024-04-24,Uptown,4930
2024-04-24,Midtown,4489
2024-04-24,East End,5304
2024-04-24,West Side,3091
2024-04-23,Central,5905
2024-04-23,Downtown,5805
2024-04-23,Uptown,1773
2024-04-23,Midtown,1854
2024-04-23,East End,1592
2024-04-23,West Side,4026
2024-04-22,Central,3857
2024-04-22,Downtown,3577
2024-04-22,Uptown,5369
2024-04-22,Midtown,3795
2024-04-22,East End,1981
2024-04-22,West Side,2430
2024-04-21,Central,5735
2024-04-21,Downtown,4970
2024-04-21,Uptown,4088
2024-04-21,Midtown,4896
2024-04-21,East End,1129
2024-04-21,West Side,1171
2024-04-20,Central,1118
2024-04-20,Downtown,1922
2024-04-20,Uptown,3528
2024-04-20,Midtown,4680
2024-04-20,East End,5054
2024-04-20,West Side,4543
2024-04-19,Central,2020
2024-04-19,Downtown,5766
2024-04-19,Uptown,5023
2024-04-19,Midtown,1945
2024-04-19,East End,3486
2024-04-19,West Side,5822
2024-04-18,Central,3409
2024-04-18,Downtown,2131
2024-04-18,Uptown,4019
2024-04-18,Midtown,5850
2024-04-18,East End,3251
2024-04-18,West Side,5663
2024-04-17,Central,3555
2024-04-17,Downtown,4955
2024-04-17,Uptown,4975
2024-04-17,Midtown,5160
2024-04-17,East End,4812
2024-04-17,West Side,5411
2024-04-16,Central,3255
2024-04-16,Downtown,4690
2024-04-16,Uptown,936
2024-04-16,Midtown,3817
2024-04-16,East End,3513
2024-04-16,West Side,1697
2024-04-15,Central,4212
2024-04-15,Downtown,5581
2024-04-15,Uptown,3320
2024-04-15,Midtown,5954
2024-04-15,East End,1018
2024-04-15,West Side,5689
